"Land Area","Ocean Area","Unit","2008","S_2008","2009","S_2009","2010","S_2010","2011","S_2011","2012","S_2012","2013","S_2013","2014","S_2014","2015","S_2015","2016","S_2016","2017","S_2017","2018","S_2018"
"Afghanistan","Inland waters","t","2050","F","2650","F","3250","F","4000","F","4780","F","5560","F","6360","F","7200","F","8050","F","9000","F","10000","F"
"Albania","Inland waters","t","2702","","2805","","2500","","2293","","1995","","2069","","2162","","2145","","2281","","2647","","4277",""
"Algeria","Inland waters","t","2770.132","F","2114.79","F","1639.384","F","2045.237","F","2277.419","F","1839.676","F","1460.434","F","959.66","","1006","F","1046","F","3063.6",""
"American Samoa","Inland waters","t","18","F","18","F","18","F","20","F","20","F","20","F","20","F","20","F","20","F","20","F","20","F"
"Angola","Inland waters","t","7690","F","6108","","10310","F","14310","F","18310","F","23057","F","29192","","39386","","18716","","24940","","30773",""
"Antigua and Barbuda","Inland waters","t","0","0","0","0","0","0","4","F","10","","11","","13","F","10","","10","F","10","F","10","F"
"Argentina","Inland waters","t","13711","","18608.95","","17876.35","","21123.25","","17186.42","","16065.95","","18568.91","","22497.65","","22515.285","","25599.52","","23391.71",""
"Argentina","Inland waters","no","4838","","10546","","6292","","22500","","24500","","19600","","23500","","21550","","15926","","14207","","2811",""
"Armenia","Inland waters","t","5701","","5859","F","5617","F","7095","F","9711","","15799","","18720","","23270","","20139","","17054","","17369",""
"Australia","Inland waters","t","2001.2","","2654.202","","2704.946","","2267.59","","2129.02","","2242.62","","2362.49","","2365.62","","2506.57","","2656.57","","2586.16",""
"Australia","Inland waters","no","28626","","20929","","30518","","32117","","43720","","31749","","30755","","34878","","32830","","48883","","38791",""
"Austria","Inland waters","t","2437","","2491","","2517","","3254.3","","3425.5","","3587","","3740.3","","3853.4","","3833.4","","4211.6","","4340.6",""
"Azerbaijan","Inland waters","t","2524","","2206","","2131","","1578","","1277.1","","1121","","1211","","1155","","1362","","1645","","2079",""
"Bahamas","Inland waters","t","0","0","0","0","1","","1","","1","","1","","1","","1","","1","","1","","0","."
"Bangladesh","Inland waters","t","1954386","","2163776","","2302367","","2433273","","2532401","","2659441","","2778380","","2903743","","3045887","","3284707","","3407371",""
"Bangladesh","Inland waters","no","0","-","0","-","0","-","0","-","0","-","0","-","430","","400","","600","","0",".","0","."
"Barbados","Inland waters","t","2","F","2","F","2","F","10.5","F","10.5","F","14.5","F","20.5","F","20.5","F","25.5","F","25.5","F","25.5","F"
"Belarus","Inland waters","t","15445","","16485","","17162","","17415","","16464","","14245","","11424","","9999.9","","11885","","11129.5","","12382.9",""
"Belgium","Inland waters","t","637","","1087","","1050","","384","","561","","496","F","498","F","365","F","327","F","358","F","394","F"
"Belize","Inland waters","t","1865","","1613","","658","","55","","63","","60","F","47","","50","F","55","F","60","F","60","F"
"Benin","Inland waters","t","30413","F","30558","F","30714","F","31505","","28706","","26827","","34416","","25229.66","","33222","","37944.66","","34014.137",""
"Bhutan","Inland waters","t","56","F","54","F","52","F","79","F","80.34","","72.8","","144","","156","","197","F","238","","238.62",""
"Bolivia (Plurinat.State)","Inland waters","t","7381","","8343","","7802","","7643","","7880","","8247","","8390","","9987.5","F","10250","F","10500","F","10500","F"
"Bolivia (Plurinat.State)","Inland waters","no","54588","","27885","","24192","","48612","","59087","","61500","","84970","","67606","","43492","","53940","","29734",""
"Bosnia and Herzegovina","Inland waters","t","7582","F","7660","F","7660","F","4950.95","","3789.3","","3064.5","","3477","","4576.6","","4690.4","","3883.9","","3765",""
"Botswana","Inland waters","t","86","","73","F","60","","234","","378","","431","","1168","","101","","53","","53","F","53","F"
"Botswana","Inland waters","no","374","","1626","","1500","","2000","","2800","","4000","","4500","","4440","","900","","3200","","1600",""
"Brazil","Inland waters","t","509156","","525806","","574111","","582544","","618200","","631546","","711927","F","708500","F","734500","F","738980","F","753380","F"
"Brazil","Inland waters","no","7024","","9116","","1106","","9040","","6615","","22341","","5197","","12719","","177","","11690","","0","-"
"Brunei Darussalam","Inland waters","t","4","","7","F","14","F","20","F","20","F","27.9","F","6.28","","12.04","","14.42","F","19","F","8.68",""
"Brunei Darussalam","Inland waters","no","0","-","0","-","0","-","0","-","5","","5","","0",".","0","-","0","-","0",".","0","."
"Bulgaria","Inland waters","t","5759","","7503.918","","8307.357","","6363.115","","6525.28","","10459.72","","8793.695","","10249.904","","11882.259","","12512.571","","13864.703",""
"Burkina Faso","Inland waters","t","11568","","12075","F","14800","F","16360","","20602","","20820","","21001","","21030","","22210","","25720","","27847",""
"Burundi","Inland waters","t","18315","","12665","","17322.3","","10715.7","","12469.4","","13617","","16859","","21446","","23205","","20469","","21860","F"
"Cambodia","Inland waters","t","403350","","437965","","462780","","514380","","520030","","614590","","620540","","627535","","669018","","722773","F","774165","F"
"Cambodia","Inland waters","no","156500","","185000","","0",".","0",".","0",".","10000","","7602","","18050","","5755","","4652","","3119",""
"Cameroon","Inland waters","t","75246","F","75546","","68570","F","61571","F","54840","F","48195","F","41575","F","35955","F","30315","F","32607","","32976",""
"Canada","Inland waters","t","40063","","41850","","35784","","33026","","36753","","36481","","35851","","37121","","41326","","39792","","53298",""
"Central African Republic","Inland waters","t","31140","F","33140","F","35170","F","35170","F","32182","","30180","F","29180","F","28180","F","29190","F","29190","F","29190","F"
"Chad","Inland waters","t","85030","","88030","","91030","","95030","","100030","","120060","","120080","","100154","","110094","","107495","","107450","F"
"Chile","Inland waters","t","8716","","27481","","36238","F","41428","","59542","","44420","","68690","","648","","915","","3182.61","","1347.48",""
"China","Inland waters","t","23029512.344","","24051664","F","24845617","F","25474533","F","26191474","F","27588450","F","28996013","F","29863563","F","30848293.753","","31304026.182","","31625472.563",""
"China, Hong Kong SAR","Inland waters","t","2266","","2105","","2190","","2315","","2306","","2187","","2001","","2092","","2543","","2543","","2536",""
"Colombia","Inland waters","t","70450","F","85204","","88727","","99080","","102009","","102598","F","106634","F","111927","","122815","F","141910","F","149416.22",""
"Colombia","Inland waters","no","532761","","405396","","647765","","640095","","629746","","857696","","740043","","517275","","370648","","313164","","78813",""
"Congo","Inland waters","t","29427","","28441","","30558","","33458","","37968","","36109","","38224","","37473","","40165","","39049","","41129",""
"Congo, Dem. Rep. of the","Inland waters","t","229970","F","226970","F","222970","F","219970","F","216869","","226465","","228479","","230656.5","","232461","","233200","F","233200","F"
"Cook Islands","Inland waters","t","2","F","2","F","2","F","2","F","2","F","2","F","2","F","0.3","","1","F","1","F","1","F"
"Costa Rica","Inland waters","t","21868","","21280","","23689","","24724.5","","24179","","27312","","23564.5","F","19150.5","","17151","F","17151","F","17151","F"
"Croatia","Inland waters","t","4503","","5491","","5504","","6667","","4637","","3658","","4215","","5275.91","","4450.2","","3645.2","","3414.83",""
"Cuba","Inland waters","t","34891","","33697","","28775","","21964.8","","23184.2","","25631.1","","27914","","28227","","24745","","26272","","22918",""
"Cuba","Inland waters","no","1","","0","-","0","-","0","-","0","-","0","-","0","-","0","-","0","-","0","-","0","-"
"Cyprus","Inland waters","t","77","","90.2","","90.5","","87.4","","81.15","","74.86","","62.8","","63.7","","60.5","","64.11","","63.84",""
"Czechia","Inland waters","t","24559","","24183","","24410","","24869","","24796","","23118.4","","23947","","24041","","24459","","25242","","25401",""
"Côte d'Ivoire","Inland waters","t","6453","","6991","","8463","","9650","","11440","","11167","","11211","","44253","","44828","","39463","","36342",""
"Denmark","Inland waters","t","22700","","21401.1","","23332","F","23458","F","22216.16","","21364.2","F","21781.3","F","21797.5","","22483","F","21845","F","22009","F"
"Dominica","Inland waters","t","24","F","24","F","11","F","6","F","6","F","6","F","6","F","6","F","6","F","0","0","0","-"
"Dominican Republic","Inland waters","t","1848","","572","","490","","2320.9","","1606.3","","1470","F","2222.5","","2669","F","2573","","2865","","3323",""
"Ecuador","Inland waters","t","23421","F","40701","","49650.46","","50064","F","41761","","28592","","28553","F","23757","","29118.4","","29532","F","29513","F"
"Egypt","Inland waters","t","774126","","806201","","1066348","F","1128899","F","1133940","F","1232356","","1251351","F","1275589","F","1444693","F","1470373","F","1564068","F"
"El Salvador","Inland waters","t","7586","","7162.17","","6419.69","","6460","","6155","F","4201","","2327","","6097.71","","7564.68","","7872","F","8172","F"
"Equatorial Guinea","Inland waters","t","902","F","1003","","1015","F","1017","F","1015","F","1015","F","1015","F","1015","F","1015","F","1015","F","1015","F"
"Estonia","Inland waters","t","3648","","3552.6","","3442.04","","3100.34","","3614.398","","3645.214","","3804.475","","3455.7","","3978.733","","3907.461","","4185.661",""
"Eswatini","Inland waters","t","60","F","133","F","269","","160","F","160","F","160","F","165","F","165","F","165","F","165","F","165","F"
"Ethiopia","Inland waters","t","16795","","17072","","18083","","24066","","28990","","38416.3","","50204.5","","45609.5","","50095","F","56127","","57331",""
"Ethiopia","Inland waters","no","492","","3","","4","","77","","400","","0",".","0",".","6","","7","","4","","0","-"
"Falkland Is.(Malvinas)","Inland waters","t","1","","1","","1","","1","","1","","1","","1","","1","","1","","1","","1",""
"Fiji","Inland waters","t","2317","F","2070","","1887","","2865","","2765","F","2765","F","2785","F","2785","F","2795","F","2818","F","2833","F"
"Finland","Inland waters","t","31471","","31825","","30800","","30804","","25683","","25605","","31419","","31963","","30444.17","","30925.7","","31116.4","F"
"France","Inland waters","t","45575.4","","43978","","45957","","42876","","42175","","41737.9","","40752.7","","34762.2","","36791","F","36889","F","35755","F"
"French Guiana","Inland waters","t","8","","52","","47","F","59","F","66","F","50","F","51","F","51","F","48","F","45","F","42","F"
"French Polynesia","Inland waters","t","53","","53","","53","","53","","53","","53","","53","","53","F","53","F","53","F","0","."
"Gabon","Inland waters","t","9924","F","10226","F","10530","F","10830","F","11048","F","11346","F","11797","F","11045","F","11045","F","11045","F","11045","F"
"Gambia","Inland waters","t","4171","","4466","","4659","F","4813","F","4984","","4584","","3969","","3265","F","2590","","1325","","1273",""
"Georgia","Inland waters","t","455","F","725","F","862","F","1027","F","1176","F","1325","F","1495","F","1655","F","1765","F","1982","","2301.5",""
"Germany","Inland waters","t","53235","","50709","","50705","","33910","","35189","","36253","","36426","","40303","","40130","","37816","","36249",""
"Ghana","Inland waters","t","90594","","95854","F","100200","F","109092","F","117450","F","122513","F","128535","F","134600","F","142470","F","147405","F","166620","F"
"Greece","Inland waters","t","5416","","4033","","4143","","3336.7","","3412.14","","3311.19","","3012.7","","3174.8","","3097.4","","3380","","3537.4",""
"Guadeloupe","Inland waters","t","11","","7.4","","8","","10","","10","F","10","F","10","F","10","F","4","F","4","","4","F"
"Guam","Inland waters","t","110","F","88.5","","82","","70","","70","F","70","F","70","F","70","F","70","F","70","F","70","F"
"Guatemala","Inland waters","t","5360","","5360","F","3231.23","F","7884","","7839","","8358","","9864","","10339.6","","10899.9","","12265","","13404",""
"Guinea","Inland waters","t","12170","F","14177","F","16185","F","18187.2","F","20292.5","F","22322.8","F","24351","F","26409","F","28477.8","F","30572.9","F","30686.6","F"
"Guinea-Bissau","Inland waters","t","150","F","150","F","150","F","150","F","150","F","150","F","150","F","150","F","160","F","185","F","190","F"
"Guyana","Inland waters","t","1015","","1142.96","F","1155.8","","990.1","","1033.178","","991.65","","938.354","","998.13","","967.46","","1165.115","","831.72",""
"Guyana","Inland waters","no","24500","","28731","","20682","","28789","","19707","","29978","","34972","","21363","","1590","","16983","","11320",""
"Haiti","Inland waters","t","712","F","825","","860","F","1200","","1320","F","1400","F","1610","F","1820","F","1890","F","2000","F","2000","F"
"Honduras","Inland waters","t","20594","","14332","","16555","","20100","F","20600","F","22700","F","29850","F","30200","F","31100","F","33100","F","33600","F"
"Honduras","Inland waters","no","1944","","1090","","3","","200","","350","","0",".","0",".","0",".","0","-","0","-","0","-"
"Hungary","Inland waters","t","23081","","21191","","20461","","22632","","21850","","21390","","22789","","23263","","21295.969","","23864.5","","23086.3",""
"Iceland","Inland waters","t","612","","310","","348","","416.5","","551.3","","302.8","","814.5","","929.6","","2314","","4765","","419",""
"India","Inland waters","t","4515258","","4471205","","5092510","F","4416095","","5311080","","5381870","","5663743","F","6002748","F","6538196","F","7020939","F","7960808","F"
"Indonesia","Inland waters","t","1209726","","1277100.65","","1678211.21","","2088966.76","","2495426.74","","2989359.325","","3321314.87","","3434019","","3649272.07","","4205149","","4054815.085",""
"Indonesia","Inland waters","no","16306","","12251","","11752","","16780","","17860","","14146","","20308","","21216","","10688","","6578","","9598",""
"Iran (Islamic Rep. of)","Inland waters","t","216216","","246205","","288820","","315156","","369039","","398601","","388890","","413905","","461424","","463924","","475583",""
"Iraq","Inland waters","t","49232","","40991","","32550","","46184","","66421","","67520","","80156","","47651","","54835","","60691","","55057",""
"Ireland","Inland waters","t","1048","","1044","","848","","764.95","","761.4","","918","","962","","926","","793","","711","","638",""
"Israel","Inland waters","t","17201","","17712","","18271","","18953","","18570.4","","19224.6","","17610","","17883","","16863","","15372","","15387","F"
"Israel","Inland waters","no","0","-","2","","0","-","0","-","18","","0",".","0",".","27","","0",".","0","-","0","-"
"Italy","Inland waters","t","42830.263","","44322","","42491.63","","42603.9","","42765","","42870","","38657.15","","38669","F","44699","F","44700","F","40528.37",""
"Jamaica","Inland waters","t","6244","","5504","","4312","","1647","F","1170.65","","1623.9","","1574","","1300","","1647","","2433","","2828.63",""
"Japan","Inland waters","t","72998.102","","82921.113","","79607.05","","73513.085","","67185.081","","61489.085","","64813.085","","69556.083","","63435.099","","62353.101","","57077.055",""
"Jordan","Inland waters","t","890","","790","","891","","925","","1030","F","1230","F","1481","","1481","F","1481","F","1481","F","1496","F"
"Kazakhstan","Inland waters","t","51473","","38473","","47051","","35754","","37677","","35503","","37547","","41191.4","","43213","","32720","","33600","F"
"Kenya","Inland waters","t","131549","","132931","","144097","","196491","","171619","","177758","","183308","","175124","","142191","F","110935","","113120","F"
"Kenya","Inland waters","no","4504","","6906","","5259","","4180","","6403","","6332","","6229","","6504","","5959","","8130","","7946",""
"Korea, Dem. People's Rep","Inland waters","t","9050","F","9050","F","9275","F","9285","F","10090","F","9995","F","10395","F","10500","F","11400","F","14615","F","18465","F"
"Korea, Republic of","Inland waters","t","30248","","30071","","32489","","32071","","30498","","25415","","29778","","33056","","35130","","33632","","34760","F"
"Kuwait","Inland waters","t","274","","262","","300","","309","","299","","301","","295","F","260","F","185.76","","175","F","187",""
"Kyrgyzstan","Inland waters","t","100","","143","","379","F","454.5","","387","","420","F","804.93","","1099.4","","2019.7","","2190","F","2577.7",""
"Lao People's Dem. Rep.","Inland waters","t","93500","F","105800.5","F","113000","F","129600","F","136001","F","146946","F","168597","F","158600","F","170915","F","174900","F","179100","F"
"Latvia","Inland waters","t","933","","843.2","","877.8","","889.5","","867.54","","956.21","","958.28","","1088.85","","1031.077","","1033.94","","1131.66",""
"Lebanon","Inland waters","t","1155","F","1225","F","1295","F","1365","F","1335","F","1205","F","1135","F","1035","F","1035","F","1035","F","1035","F"
"Lesotho","Inland waters","t","141","","152.6","","345.4","","345.37","","450.37","","550.43","","952.53","","1053","F","1102","F","1853","F","2552.46",""
"Liberia","Inland waters","t","823","","2270","F","2280","F","2290","F","2300","F","2330","F","1665","F","1480","F","1100","F","820","F","545",""
"Libya","Inland waters","t","10","F","10","F","10","F","10","F","10","F","10","F","10","F","10","F","10","F","10","F","10","F"
"Lithuania","Inland waters","t","4608","","4736.6","","4500.99","","4753.61","","5194.96","","5671.88","","5054.8","","5887.17","","5602.74","","4840.07","","4676.09",""
"Madagascar","Inland waters","t","35460","F","35678","F","38380","F","34265","F","30630","","26769","","25773","F","29780.21","","34861","","41383","","20294.007",""
"Madagascar","Inland waters","no","2640","","2450","","0","-","0","-","0","-","0","-","3","","154","","500","","0","-","0","-"
"Malawi","Inland waters","t","71719","","70945","","100929","","85248","","128624","","115953","","120870.56","","146617","","160498.39","","211671.8","","230863",""
"Malawi","Inland waters","no","3370","","3105","","3250","","3600","","6063","","5373","","2784","","6246","","12097","","11840","","13100",""
"Malaysia","Inland waters","t","100396","","157300","","160143","","128100","","169298.61","","139032.56","","113751.376","","118569.13","","109696.207","","108273.93","","107859.07",""
"Malaysia","Inland waters","no","1043","","587","","861","","436","","1807","","1173","","2483","","3555","","5215","","4413","","5320",""
"Mali","Inland waters","t","100821","","101355","F","102083","F","110217","F","72216","F","101558.25","F","81953","","94880","","106680","F","110135","","94312",""
"Mali","Inland waters","no","0","-","0","-","0","-","15","","0","-","0","-","0","-","0","-","0","-","0","-","0","-"
"Martinique","Inland waters","t","10","","15","F","10","","10","","10","F","10","F","13.5","","13","F","13","F","8","F","9","F"
"Mauritania","Inland waters","t","15000","F","15000","F","15000","F","15000","F","15000","F","15000","F","15000","F","15000","F","15000","F","15000","F","15000","F"
"Mauritius","Inland waters","t","60","","102.6","","65.1","","74.1","","74.8","","78.3","","70.5","","2.39","","3.32","","3.32","","3.4",""
"Mauritius","Inland waters","no","0",".","100","","0",".","0",".","150","","0","-","100","","0","-","0","-","0","-","0","-"
"Mexico","Inland waters","t","130470","","135364.641","","131634","","133418","","143481.619","","154912.026","","207861.235","","216286.67","","274869.52","","239501.354","","293822.372",""
"Mexico","Inland waters","no","724","","485","","0",".","184","","1314","","1300","","2031","","1296","","1640","","3000","","3917",""
"Micronesia, Fed.States of","Inland waters","t","5","F","5","F","5","F","5","F","5","F","5","F","5","F","5","F","5","F","5","F","5","F"
"Moldova, Republic of","Inland waters","t","7836","F","8226","F","8844","F","9050","F","9130","F","9130","F","11050","","11216.05","","12061.4","","12133","","12580",""
"Mongolia","Inland waters","t","88","","90","","100","","80","","61","","55","F","49","","63","","15","","22","","25",""
"Montenegro","Inland waters","t","1151","","1118","","995","","1311","","1140","","1368","","1366","","1165","","1261","","837","","874",""
"Morocco","Inland waters","t","4805","","6405","","7636","","9364","","13302","","15562","","15652","","15586","","16134","F","16176","F","16161.5",""
"Mozambique","Inland waters","t","28036","","43814","","45033","","73708","","67717","","85441","","84880","","94153","","97322","","98856","","97147","F"
"Mozambique","Inland waters","no","566","","0",".","3449","","17058","","7234","","21977","","10781","","11161","","28854","","83868","","38868",""
"Myanmar","Inland waters","t","1356999","F","1455108.4","F","1557946.1","F","1559069","F","1657674","F","1708346","","1755235.83","","1807555.587","","1846547.556","","1876997.8","","1996001.623",""
"Namibia","Inland waters","t","2820","F","2822","F","2850.64","F","2859.38","F","2874.18","F","2910.17","F","2862.22","F","2835.04","F","2848.95","F","2874.59","F","2843.85","F"
"Namibia","Inland waters","no","0",".","600","","2","","200","","804","","1103","","274","","768","","706","","130","","0","-"
"Nepal","Inland waters","t","48750","","48230","","49730","","52450","","56000","","57520","","64900","","69500","","70543","","77157.1","","81070","F"
"Netherlands","Inland waters","t","10655","","9862","","8536","","6254","","5405","","8230","","7408","","7199","F","7180","F","6571","F","7836","F"
"New Caledonia","Inland waters","t","3","F","3","F","3","F","3","F","3","F","3","F","3","F","3","F","0","0","0","0","1",""
"New Zealand","Inland waters","t","752","","729","","1517","","1665","","2279","","1928","","2001","","2499","","2299","","2474","","2769",""
"Nicaragua","Inland waters","t","2376","","2446","","1333","","987","","704","","772","","958","","648","","459","","507","","384",""
"Nicaragua","Inland waters","no","134","","0",".","0",".","0",".","0",".","0",".","0",".","0",".","0",".","0",".","0","."
"Niger","Inland waters","t","30000","","29954","","40070","F","53258","","46600","","45200","","47329","","27300","","34892","","25545","","31392",""
"Nigeria","Inland waters","t","447620","","438567","","493917","","522409","","565907","","618205","","667697","","654601","","684359","","716149","","683421",""
"North Macedonia","Inland waters","t","1453","","1762","","1727","","1636","","1555","","1674","","1496","","1341","","1108","","1595.4","","1499.3",""
"Northern Mariana Is.","Inland waters","t","6","F","6","F","4.53","","4.53","","6","F","11","F","19","F","19","F","19","F","19","F","19","F"
"Norway","Inland waters","t","576","","454","","525","","519","","580.1","","437","","396.5","","493.77","","470.4","","521","","437.7",""
"Oman","Inland waters","t","0","0","0","0","0","0","1","","3","","3","","5.4","","20","","33","","77.248","","101.45",""
"Pakistan","Inland waters","t","243000","F","250355","F","255348","F","260053","","262964","","271163","","276501","","283511","","293195","","296555","","300184",""
"Palestine","Inland waters","t","65","","115","","242","","148","","179","","115","","34","","36","","30","","35","","279",""
"Panama","Inland waters","t","3605","","2325.38","","2728.53","","1944.2","","1921.6","","1038.2","","629","","494.32","","745.4","","600.36","","2088.8",""
"Panama","Inland waters","no","2205","","995","","3556","","300","","400","","812","","2622","","2000","","7371","","6630","","1891",""
"Papua New Guinea","Inland waters","t","14600","F","14850","F","15050","F","15110","F","15110","F","15110","F","15110","F","15220","F","15220","F","15200","F","15200","F"
"Papua New Guinea","Inland waters","no","31029","","30750","","33620","","17218","","23363","","23976","","22090","","38395","","22048","","11569","","8288",""
"Paraguay","Inland waters","t","21850","F","21200","F","20757.42","F","21929.06","F","21800","F","22350","F","22800","F","23181","F","22600","F","24180.997","","24535.998",""
"Paraguay","Inland waters","no","0","-","0","-","0","-","0","-","2473","","12331","","4539","","4594","","1000","","0","-","0","-"
"Peru","Inland waters","t","60399","","60557","","61688","","60374.35","","63164.3","","67369.22","","63365.05","","83257","","80858.18","","89685.66","","80863.12",""
"Philippines","Inland waters","t","490550","","494934","","493701","","498833","","505858","","519784","","512810","","506566","","459509.03","","477582.4","","485571.7",""
"Philippines","Inland waters","no","20","","892","","0",".","200","","2758","","3275","","9369","","9532","","7141","","1581","","8760",""
"Poland","Inland waters","t","55750","","55301","","49259","","48027","","50955","","53915.13","","58798.69","","55347","","56693","","56885.77","","61562.335",""
"Portugal","Inland waters","t","304","","252","","952.5","","1115","","479.6","","775.926","","755.179","","890.935","","677.73","","655.65","","793.26",""
"Puerto Rico","Inland waters","t","22","F","21","F","17","F","20","F","20","F","19.92","","20","F","20","F","20","F","20","F","20","F"
"Qatar","Inland waters","t","36","","36","","36","","36","","36","","56","","56","","10","","10","","10","","10",""
"Romania","Inland waters","t","17498","","16819","","11438.32","","11068.96","","13145","","13730","","14692.75","","15450.928","","18417.39","","18243.2","","15732.45",""
"Russian Federation","Inland waters","t","332075","","359624","","377717","","368537","","397614","","391891","","393203","","423114","","446761","","433305","","438074",""
"Russian Federation","Inland waters","no","1477","","1110","","2069","","28","","1306","","1777","","552","","1449","","1631","","2084","","1765",""
"Rwanda","Inland waters","t","11647.25","","11612.3","","13100.3","","17259.33","","19485.98","","23555.2","","26663","","30954.2","","26593","","28357","","29105","F"
"Réunion","Inland waters","t","110","F","100","F","100","F","85","F","85","F","85","F","60","F","60","F","60","F","10","F","10","F"
"Saint Kitts and Nevis","Inland waters","t","1","F","1","F","1","F","1","","1","F","1","F","1","F","1","","1","","1","F","0","0"
"Saint Lucia","Inland waters","t","0.24","","0.26","","5.5","","10.9","","13","","18.3","","15.6","","23.8","","27.14","","13.45","","15","F"
"Samoa","Inland waters","t","4","F","6","F","6","F","6","F","5.6","","2.817","","3.781","","14.34","","11","F","10.82","","13.629",""
"Saudi Arabia","Inland waters","t","3753","","3975","","3459","","4527","","4975","","5614","","6060","","5280","","7590","","7600","F","7600","F"
"Senegal","Inland waters","t","37229","","35737","F","34188.6","F","33571.365","F","34331.1","F","33649.8","F","30547","F","30526","F","31872.6","F","33753.5","","32225",""
"Senegal","Inland waters","no","1","","0","-","0","-","0","-","0","-","0","-","0","-","7","","7","","0","-","0","-"
"Serbia","Inland waters","t","10686.72","","11286.44","","13002.33","","13012.95","","12459.19","","10975.54","","10761.37","","10537","","8944.66","","7278.65","","9420.7",""
"Sierra Leone","Inland waters","t","8050","F","7075","F","6075","F","5075","F","4075","F","3075","F","2194","","2185","F","2185","F","2185","F","2185","F"
"Singapore","Inland waters","t","283","","281","","403.3","","838.334","","1113.283","","1018.273","","809.8","","1060.755","","1029.987","","818.708","","853.829",""
"Singapore","Inland waters","no","1877","","1086","","1217","","1659","","3793","","2859","","2979","","1971","","5739","","150","","244",""
"Slovakia","Inland waters","t","2726","","2595.9","","2310.4","","2769.5","","3255.56","","3092.2","","3174.66","","3279.63","","4034.65","","4516.264","","4161.41",""
"Slovenia","Inland waters","t","1224","","1094","","828.1","","1073.9","","951.3","","1000.7","","1049.7","","1099.9","","1306.7","","1145.7","","1383.2",""
"Solomon Islands","Inland waters","t","0","0","1","F","1","F","1","F","2","F","2","F","2","F","2","F","2","F","0.529","F","0.206",""
"Somalia","Inland waters","t","200","F","200","F","200","F","200","F","200","F","200","F","200","F","200","F","200","F","200","F","200","F"
"South Africa","Inland waters","t","2472","","2121","F","2041.6","","2359.8","","2565.62","","2727","F","2705","F","2739","F","2777","F","2584.14","","2882.3",""
"South Africa","Inland waters","no","40197","","24988","","47267","","30695","","70899","","74232","","121021","","59638","","37973","","64053","","40940",""
"South Sudan","Inland waters","t","0",".","0",".","0",".","0",".","37020","F","37020","F","37020","F","37020","F","35020","F","33020","F","32020","F"
"Spain","Inland waters","t","28281","","24959.568","","23929","","23115.47","","22775.66","","22300.14","","21536.903","","22641.75","","23826.302","","23357.388","","16931.3",""
"Sri Lanka","Inland waters","t","49672","","50539","","56957","","67283","","74442","","93307","","104792","","91434","","98335","","105203.19","","109445",""
"Sudan","Inland waters","t","0",".","0",".","0",".","0",".","36500","F","36200","F","36500","F","38251","","39000","F","44084","","48000",""
"Sudan (former)","Inland waters","t","64700","F","68000","","68000","F","68000","F","0","-","0","-","0","-","0","-","0","-","0","-","0","-"
"Sudan (former)","Inland waters","no","0",".","0",".","20","","0",".","0",".","0",".","0",".","0",".","0",".","0",".","0","."
"Suriname","Inland waters","t","350","F","420.56","","560","","590","F","620","F","650","","726.72","F","841.47","F","935.7","","925","F","925","F"
"Sweden","Inland waters","t","5630","","5548","","8347","","10201","","10890","","20705","","18342","","17593","","18498","","16827","","13484",""
"Switzerland","Inland waters","t","3300","","3433","","3362","","3564","","3474","","3600","","3576","","3616","","3584","","3665","","3296",""
"Syrian Arab Republic","Inland waters","t","12379","","12197","","12289","","10750","F","9200","F","6800","F","5600","F","4900","F","5000","F","4850","F","4850","F"
"Taiwan Province of China","Inland waters","t","161225","","146392","","148193","","141700.485","","150312","","152853.23","","146811.35","","132705.14","","119105.894","","118091.51","","122756.99",""
"Taiwan Province of China","Inland waters","no","34","","27","","30","","31","","33","","37","","32","","36","","32","","27","","23",""
"Tajikistan","Inland waters","t","406","F","790.1","F","1207.2","","1380","","988.8","","1582.9","","1617.6","","1626","F","1539","F","1575","F","1580","F"
"Tanzania, United Rep. of","Inland waters","t","281703","","288140","","293252","","291183.7","","317861","","317996","","281944","","313438","","316349","","342185","","327028",""
"Tanzania, United Rep. of","Inland waters","no","1784","","790","","601","","1702","","1209","","1379","","1287","","1294","","1294","","1290","","1291",""
"Thailand","Inland waters","t","751063","","728735","","641678","","609059.43","","673682","","646058","","596879","","595629","","605323","","605886","","608484",""
"Thailand","Inland waters","no","41669","","26119","","31513","","34878","","34101","","41255","","33962","","34264","","21283","","16192","","20043",""
"Timor-Leste","Inland waters","t","46","F","41","F","48","F","55","F","62","F","68","F","74","F","81","F","89","F","94","F","104","F"
"Togo","Inland waters","t","5107","F","5107","","5100","","5020","","5020","","5023","","5025","","5058","","6141","","6380","","6650",""
"Trinidad and Tobago","Inland waters","t","12.69","","27.36","","13.5","","5.75","","6.55","","7.55","","5.45","","23.8","","11.1","","7.45","","7.45",""
"Tunisia","Inland waters","t","2213","","2395","","2267","","1203","","1272","","1390","","1308","","1668","","1596","","1952","","1373",""
"Turkey","Inland waters","t","107568","","115435","","118827","","137543","","147678","","158093.5","","144373","","135631","","135457","","136155","","135306",""
"Turkmenistan","Inland waters","t","15026","F","15026","F","15026","F","15026","F","15026","F","15030","F","15030","F","15030","F","15055","F","15060","F","15070","F"
"Uganda","Inland waters","t","455750","F","488654.1","F","508805","","523127.7","","503544","","517312","","572219","","513795","","507295.2","","501972.6","","543091",""
"Uganda","Inland waters","no","290","","0",".","0",".","0",".","405","","0",".","515","","500","","500","","0",".","0","."
"Ukraine","Inland waters","t","28517","F","29397.3","F","27255.5","F","27664.8","F","28337.4","F","49973.7","","43884","","41387.3","","45135.6","","46221.2","","48349.43",""
"United Arab Emirates","Inland waters","t","21","","28","","16","","20","","30","","120","F","148","F","150","F","78.9","","258","","258","F"
"United Kingdom","Inland waters","t","13089","","15763.3","","15467.3","","14183.2","","15429.1","","13427","","12166.65","","11468.067","","11297.226","","11414.03","","12058","F"
"United States of America","Inland waters","t","348567","","325427","","324070","","263506","","251088","","272980","","260292","","263746","","274335","","266019","","286935",""
"United States of America","Inland waters","no","230464","","297187","","369731","","310542","","326538","","481304","","485885","","428521","","553372","","463466","","596258",""
"Uruguay","Inland waters","t","656","","855.41","","1132.97","","1377.82","F","1706.232","","2286.86","","2640","","3637.828","","3392.653","","6940.979","","5330.774",""
"US Virgin Islands","Inland waters","t","10","F","10","F","10","F","10","F","10","F","10","F","7.64","","8","F","8","F","8","F","8","F"
"Uzbekistan","Inland waters","t","7900","F","9262","","10732","F","17235.3","","25884.9","","37505.2","","46391.8","","59852.4","","65321.7","","83900","F","90984","F"
"Vanuatu","Inland waters","t","20","F","36.75","","79.5","","43","","43.38","","66.781","F","65.098","F","3.537","","4.545","","7.047","","6.205",""
"Venezuela, Boliv Rep of","Inland waters","t","27641.1","F","38122","F","32319","F","35090","","47873","","49330","F","51905.42","","38937","","32281","","26495","F","26495","F"
"Venezuela, Boliv Rep of","Inland waters","no","15489","","16246","","13652","","27797","","26130","","10741","","16696","","15663","","21465","","25402","","43881",""
"Viet Nam","Inland waters","t","1967920","F","2018600","","2236690","","2304665","F","2550183","","2558422","","2457002","","2501177.43","","2563343.06","","2702798.94","","2944140",""
"Viet Nam","Inland waters","no","23062","","9483","","3285","","4242","","3615","","9319","","20580","","12595","","13041","","18503","","10051",""
"Zambia","Inland waters","t","85044","","93221","","86686","","79894","","93626","","95458","","100107","","106473","","105518","F","105567.1","F","108300","F"
"Zambia","Inland waters","no","28197","","43655","","23717","","43652","","15331","","45368","","44233","","43926","","112374","","31853","","27127",""
"Zimbabwe","Inland waters","t","13152","F","13202","F","13982","F","19582","F","20740","F","23490","F","24750","F","25500","F","25796","","26800","F","27085","F"
"Zimbabwe","Inland waters","no","81554","","62101","","80995","","90535","","88421","","115499","","130735","","115499","","113491","","84210","","98797",""
